Body,Department,Tags,ZeroShot,FewShot,ZeroShot_Department,FewShot_Department
The encryption of health data has suddenly stopped working. It might be due to a misconfiguration in Ansible. I have restarted the servers and reviewed the SQL logs but need your help to fix this. Could you please assist?,Technical Support,"['Technical', 'Security', 'Encryption', 'Ansible', 'Bug', 'Resolution', 'Documentation']","Department: IT Support
Tags: encryption, server restart, Ansible configuration","Department: IT Support  
Tags: Encryption, Ansible, Server, SQL, Configuration",IT Support,IT Support  
"There was a system outage on my MacBook Pro that affected the Asana and Evernote integrations. It might be due to recent software updates. I have tried rebooting and reinstalling, but the issues still persist. I need help to resolve this issue soon to avoid any disruptions.",Technical Support,"['Outage', 'Disruption', 'Performance', 'IT', 'Tech Support']","Department: Technical Support  
Tags: system outage, software update, integration issues","Department: Technical Support  
Tags: System Outage, Software Update, Integration",Technical Support  ,Technical Support  
"While integrating a data analytics platform with Microsoft Teams, I encountered audio lag during voice communications, which I believe is due to bandwidth limitations using a KVM switch with multiple peripherals. I have already tried resetting the network connection and updating device drivers, but the issue still persists. I need assistance to resolve this problem.",Technical Support,"['Bug', 'Network', 'Performance', 'IT', 'Tech Support']","Department: Technical Support  
Tags: audio lag, network issues, device drivers","Department: Technical Support  
Tags: Audio Lag, Bandwidth, Network, KVM Switch, Device Drivers",Technical Support  ,Technical Support  
"Customer Support, please address a critical issue related to a security breach in the healthcare provider's systems. The breach has compromised sensitive medical data, and I am deeply concerned about the potential consequences. Initial findings indicate that inadequate encryption and outdated software versions may have led to vulnerabilities that were exploited. We have already initiated an audit of our current security protocols, updated our antivirus software, and are working to encrypt the compromised data. However,",Customer Service,"['Security', 'Bug', 'IT', 'Tech Support']","Department: IT Support  
Tags: security breach, data encryption, software update","Department: IT Support  
Tags: Security, Data Breach, Encryption",IT Support  ,IT Support  
"I am encountering a login problem in the mobile app which I think is a result of the latest update. I've attempted to restart the app and clear the cache, but the issue still lingers. I would be grateful if you could look into this and offer a solution promptly. Please advise if there are further actions I can take to address the problem. I look forward to your response and a resolution to this issue. Thank you for your support.",Product Support,"['Login', 'Issue', 'Mobile', 'Resolution', 'Verification', 'Support', 'Notification']","Department: Technical Support
Tags: login issue, mobile app, troubleshooting","Department: Product Support  
Tags: Login, Mobile App, Update",Technical Support,Product Support  
"Dear Customer Support,I am writing to bring to your urgent attention an incorrect billing charge that has been processed on my AWS account, acc_num. The billing discrepancy is related to the AWS Management Service, which was charged incorrectly and requires immediate adjustment and resolution. Upon reviewing my recent invoice, I discovered an unexpected charge that does not align with the agreed terms of service I have with your company. My account has always maintained an accurate account balance until this latest issue emerged. Please investigate this situation immediately and provide a resolution, as this error has created an undue financial burden. I request a prompt adjustment to rectify this matter, ensuring no further impact on future billing cycles. To expedite the investigation process, I have attached all relevant billing documentation and correspondence related to this matter. Should you need further information, please feel free to contact me directly at tel_num.Thank you for your timely assistance in resolving this issue.Best regards,name",Billing and Payments,"['Billing Issue', 'Urgent Issue', 'Account Assistance', 'Payment Processing', 'Problem Resolution']","Department: Billing and Payments  
Tags: incorrect charge, invoice discrepancy, billing adjustment","Department: Billing and Payments  
Tags: Billing, Payment, Invoice",Billing and Payments  ,Billing and Payments  
"Dear Customer Support Team,I hope this message finds you well. I am reaching out to request help with ongoing connection problems I am facing while setting up the Microsoft Word VPN router. Over the past few days, I have experienced major obstacles that have prevented me from working efficiently, leading to significant inconvenience.Specifically, when trying to save documents directly to a network location through Microsoft Word connected via VPN, the application either becomes unresponsive or displays error messages related to the network.",General Inquiry,"['Network', 'VPN', 'Hardware', 'Disruption', 'Tech Support']","Department: Technical Support  
Tags: VPN, Microsoft Word, network connectivity","Department: Technical Support  
Tags: VPN, Microsoft Word, Network, Connectivity, Application Error",Technical Support  ,Technical Support  
"Noted facing connectivity problems with various software platforms during project collaboration, likely caused by recent Windows 10 Pro updates and network instability possibly related to the Google Nest Wifi Router. After restarting devices and verifying internet settings, the issue still persists.",Product Support,"['Network', 'Performance', 'IT', 'Tech Support']","Department: IT Support  
Tags: connectivity issues, Windows 10 update, network instability","Department: Technical Support  
Tags: Connectivity, Network, Windows Update",IT Support  ,Technical Support  
"Dear Customer Support, we are encountering difficulties with data integration among our analytics tools, which is impacting investment optimization. The problem might be due to compatibility issues or outdated software. So far, we have verified that Node.js is up to date and have checked API connections for Evernote and Salesforce CRM. Despite these efforts, the issue persists. Our team is currently working on resolving it, and we would greatly appreciate your guidance on how to troubleshoot and resolve this issue. Please let us know if there are additional steps we can take.",Technical Support,"['Bug', 'Performance', 'IT', 'Tech Support']","Department: Technical Support  
Tags: data integration, API issues, troubleshooting","Department: IT Support  
Tags: Data Integration, API, Compatibility",Technical Support  ,IT Support  
We appreciate your request to integrate existing product features with Mailchimp to enhance compatibility and improve the user experience across all platforms. This integration is crucial for streamlining email marketing campaigns and providing a seamless experience for your customers. We believe it is essential for your business and would greatly benefit your customers. We would be grateful if you could look into this matter and provide a solution as soon as possible. Your time and assistance are greatly appreciated.,Product Support,"['Feature', 'Product', 'Feedback', 'Tech Support']","Department: Product Support  
Tags: integration, Mailchimp, email marketing","Department: Product Support  
Tags: Integration, Mailchimp, Compatibility",Product Support  ,Product Support  
"A marketing agency is facing delays in campaign metrics reporting. Recent platform updates might be causing integration issues. We have already cleared the cache and checked the settings, but to no avail.",Product Support,"['Performance', 'Disruption', 'IT', 'Tech Support']","Department: Technical Support  
Tags: integration issues, platform updates, campaign metrics","Department: Product Support  
Tags: Integration, Platform Update, Reporting",Technical Support  ,Product Support  
"I am contacting you to report an issue with the exposure of medical data due to an unsecured Docker container. The root cause appears to be an inadequately configured Ansible script. I have already tried restarting Docker and checking Microsoft Teams integrations, but the problem still exists. I require your assistance to address this situation.",Product Support,"['Security', 'Breach', 'Documentation', 'Technical', 'Incident', 'Resolution', 'Feedback']","Department: IT Support  
Tags: data breach, Docker, Ansible configuration","Department: IT Support  
Tags: Docker, Ansible, Security, Data Exposure",IT Support  ,IT Support  
"Dear IT Services Support Team, I am reaching out urgently to request immediate assistance with a critical issue. We are experiencing server downtime which is severely impacting our business operations. The affected service is your IT Consulting Service, and it's causing significant disruptions. We rely heavily on this service for our daily operations, and need resolution as soon as possible. Kindly prioritize this issue and provide the necessary support to restore normal operations. Thank you for your prompt attention to this matter. Best regards, name",Technical Support,"['Urgent Issue', 'IT Support', 'Service Disruption', 'Incident Report', 'Technical Support', 'System Crash', 'Problem Resolution', 'Service Recovery']","Department: Service Outages and Maintenance  
Tags: server downtime, urgent support, service disruption","Department: Service Outages and Maintenance  
Tags: Server Downtime, Service Disruption, Urgent Support",Service Outages and Maintenance  ,Service Outages and Maintenance  
Customers encountered sync difficulties with Zoom and Adobe Premiere Pro 2021. Efforts to resolve the issue involved clearing caches and updating software versions.,Technical Support,"['Bug', 'Performance', 'IT', 'Tech Support']","Department: Technical Support  
Tags: sync issues, software update, troubleshooting","Department: Technical Support  
Tags: Sync, Zoom, Adobe Premiere Pro",Technical Support  ,Technical Support  
"I am interested in learning about the features and pricing plans of your SaaS project management tools. Could you provide details on the features, pricing plans, and any discounts or promotions currently available? I would greatly appreciate it if you could include this information in a follow-up email or phone call.",Returns and Exchanges,"['Feature', 'Sales', 'Feedback']","Department: Sales and Pre-Sales  
Tags: pricing, features, promotions","Department: Sales and Pre-Sales  
Tags: Features, Pricing, Promotions",Sales and Pre-Sales  ,Sales and Pre-Sales  
"I have received your message concerning the need to update the company's digital marketing strategy in order to boost brand growth and interaction on all platforms and products. Our current plan has been in place for some time and we feel it is now appropriate to update and refine our tactics to more effectively reach and interact with our target market. We are keen to investigate innovative methods to elevate brand awareness, attract more website visitors, and improve sales volumes. We are particularly interested in utilizing social media, email marketing, and SEO to accomplish these objectives. By implementing a well-conceived and executed digital marketing strategy, we believe it is possible to strengthen our online presence, generate increased sales, and ultimately grow our business.",Customer Service,"['Customer', 'Strategy', 'Marketing', 'Sales', 'Digital', 'Engagement', 'SocialMedia', 'EmailMarketing']","Department: Sales and Pre-Sales  
Tags: digital marketing, brand growth, lead generation","Department: Sales and Pre-Sales  
Tags: Digital Marketing, Strategy, Brand Growth",Sales and Pre-Sales  ,Sales and Pre-Sales  
Could you furnish comprehensive details on how digital strategies promote brand growth? I am keen on expanding my online presence and would greatly value any advice you can offer. Thank you in advance for your assistance. I look forward to hearing from you soon.,Technical Support,"['Feedback', 'Sales', 'IT', 'Tech Support']","Department: Sales and Pre-Sales
Tags: digital marketing, brand growth, online presence","Department: Sales and Pre-Sales  
Tags: Digital Strategy, Brand Growth, Online Presence",Sales and Pre-Sales,Sales and Pre-Sales  
"Dear customer support team, I am requesting detailed documentation on API integration options for project management features. Could you please provide information on how to integrate the API with existing project management tools? It would be greatly appreciated if you could include examples, use cases, and relevant code snippets to help me better understand and ensure a seamless integration. Thank you for your time and assistance. I look forward to hearing back soon.",Technical Support,"['Feature', 'Documentation', 'IT', 'Tech Support']","Department: Product Support  
Tags: API integration, documentation, project management tools","Department: Product Support  
Tags: API, Integration, Documentation",Product Support  ,Product Support  
"Customer Support, I am reaching out to inquire about the security features and practices used to safeguard medical data when utilizing Smartsheet in conjunction with TP-Link switches. As you may know, medical information is highly sensitive and demands the highest levels of security and confidentiality. I would like to understand what measures Smartsheet and TP-Link have implemented to protect such data. Specifically, I am interested in learning about encryption techniques, access management controls, and other security features available. Additionally, I would appreciate any guidance you can provide.",Product Support,"['Security', 'Encryption', 'Data Privacy', 'Confidentiality', 'Network', 'Tech Support']","Department: IT Support  
Tags: data security, encryption, access control","Department: General Inquiry  
Tags: Security, Data Protection, Encryption",IT Support  ,General Inquiry  
"A medical data breach has been identified on your hospital's network. Possible reasons include weak password security and outdated software. Despite our efforts to run antivirus scans and review firewall settings, the issue remains unresolved. Immediate assistance is required to address this critical situation.",Technical Support,"['Security', 'Breach', 'Network', 'Outage', 'Incident', 'Resolution']","Department: IT Support
Tags: data breach, network security, urgent assistance","Department: IT Support  
Tags: Data Breach, Security, Network",IT Support,IT Support  
We value your interest in Symantec Endpoint Protection for hospital environments. Let's discuss solutions for securing medical data. Please provide details about your current setup. We are happy to schedule a call at your convenience to explore further.,Customer Service,"['Security', 'IT', 'Tech Support', 'Feedback', 'Feature']","Department: Sales and Pre-Sales  
Tags: Symantec Endpoint Protection, medical data security, solution discussion","Department: Sales and Pre-Sales  
Tags: Symantec Endpoint Protection, Medical Data Security, Consultation",Sales and Pre-Sales  ,Sales and Pre-Sales  
"Dear Customer Support, I am facing an issue with the data analytics tools that are used for investment optimization. The tools, which are supposed to provide accurate insights, are now giving conflicting results due to recent software updates. I have already tried restarting the systems, checking for updates, and reviewing the configuration settings, but the issue still persists. I would greatly appreciate if you could look into this matter and provide a solution as soon as possible. Inaccurate insights are causing difficulties in making investment decisions, so prompt resolution is needed.",Product Support,"['Bug', 'Performance', 'Feature', 'IT', 'Tech Support']","Department: Technical Support  
Tags: software update, data analytics, troubleshooting","Department: Product Support  
Tags: Data Analytics, Software Update, Accuracy",Technical Support  ,Product Support  
Billing summaries that are inaccurate are impacting the precision of payments.,Billing and Payments,"['Billing', 'Payment', 'Accuracy', 'Issue', 'Account']","Department: Billing and Payments  
Tags: billing summary, payment accuracy, invoice discrepancy","Department: Billing and Payments  
Tags: Billing, Payment, Invoice",Billing and Payments  ,Billing and Payments  
Would you be able to offer insights on digital strategies that could enhance brand growth? Thank you!,Technical Support,"['Feedback', 'Sales', 'Lead']","Department: Sales and Pre-Sales
Tags: digital strategy, brand growth, marketing insights","Department: Sales and Pre-Sales  
Tags: Digital Strategy, Brand Growth, Marketing Insights",Sales and Pre-Sales,Sales and Pre-Sales  
Looking for comprehensive details on data analytics services aimed at optimizing investment strategies. This would significantly aid in making informed decisions to maximize returns. Appreciate your timely assistance. Looking forward to your prompt response.,Technical Support,"['Feedback', 'IT', 'Tech Support']","Department: Sales and Pre-Sales  
Tags: data analytics, investment strategies, service information","Department: Sales and Pre-Sales  
Tags: Data Analytics, Investment Strategies, Service Inquiry",Sales and Pre-Sales  ,Sales and Pre-Sales  
"Customer Support, we are writing to report an incident on our SaaS project management platform where an outage affected multiple products. The possible causes of this outage may include server overload, a recent update, or a network failure. Our team has already attempted to resolve the issue by restarting the servers, rolling back the last update, and checking the network connections. However, the issue is still ongoing. We would greatly appreciate your urgent attention to this matter and a prompt solution.",Service Outages and Maintenance,"['Outage', 'Network', 'Performance', 'IT', 'Tech Support']","Department: Service Outages and Maintenance  
Tags: outage, server overload, network failure","Department: Service Outages and Maintenance  
Tags: Outage, Server, Network",Service Outages and Maintenance  ,Service Outages and Maintenance  
"Seeking information on integrating IBM SPSS Statistics with existing data analytics tools. Would be grateful for insights on the topic, particularly on the capabilities, limitations, and the types of data that can be shared. Specifically, interested in understanding the benefits that such integration can bring to an organization. Any guidance or resources provided would be greatly appreciated.",Technical Support,"['Feature', 'Documentation', 'Feedback', 'IT', 'Tech Support']","Department: Product Support  
Tags: integration, data analytics, IBM SPSS Statistics","Department: Product Support  
Tags: Integration, IBM SPSS, Data Analytics",Product Support  ,Product Support  
"The data analytics tool has been experiencing slower performance than usual, which is impacting the optimization of investment reports. It is possible that recent software updates might have led to compatibility issues. I have already attempted to restart the system, reinstall drivers, and check network connections, but the problem still persists.",Customer Service,"['Performance', 'Bug', 'Network', 'IT', 'Tech Support']","Department: Technical Support  
Tags: performance issue, software update, compatibility problem","Department: Product Support  
Tags: Performance, Software Update, Compatibility",Technical Support  ,Product Support  
"Customer Support, there was an unexpected data access error for medical records on Monday.com on Monday. The issue may be due to software conflicts or outdated system settings. Steps taken included restarting applications and checking user permissions, but the problem persists. I would greatly appreciate it if you could look into this matter and provide a solution as soon as possible. Please let me know if you need any additional information from me. Thank you for your time.",Technical Support,"['Bug', 'Performance', 'IT', 'Tech Support']","Department: IT Support  
Tags: data access error, software conflict, user permissions","Department: IT Support  
Tags: Data Access, Software Conflict, System Settings",IT Support  ,IT Support  
"The server experienced a crash during the night, which might have been caused by an overload or a coding problem. After restarting the server, we reviewed the error logs.",Technical Support,"['Crash', 'Server', 'Outage', 'Resolution', 'Technical']","Department: IT Support  
Tags: server crash, error logs, restart","Department: IT Support  
Tags: Server, Crash, Error Logs",IT Support  ,IT Support  
"Customer Support,I am reporting an issue with the healthcare provider system. Recently, we have been experiencing data access problems and system slowdowns that affect our ability to retrieve medical records. We suspect that recent software updates might be causing the issue.Despite restarting servers and verifying network connectivity, the problem persists. Our team has attempted troubleshooting but has been unable to resolve it independently. We are concerned about the impact on our ability to deliver timely and effective care.",Technical Support,"['Bug', 'Performance', 'Outage', 'Disruption', 'Recovery', 'IT']","Department: Technical Support  
Tags: system slowdown, data access issue, troubleshooting","Department: IT Support  
Tags: System Issue, Software Update, Data Access",Technical Support  ,IT Support  
"Dear Customer Support, I am reporting a critical performance degradation that has been observed during peak usage hours. This issue might be due to server resource limitations or inefficient query handling. Despite our efforts to optimize database queries and increase server capacity, the problem continues to persist. I would greatly appreciate it if you could look into this matter urgently and provide a solution to prevent any further disruptions. The performance degradation is significantly impacting our operations, and a prompt resolution would be greatly appreciated.",Technical Support,"['Performance', 'Outage', 'IT', 'Tech Support']","Department: IT Support  
Tags: performance degradation, server resources, database optimization","Department: Service Outages and Maintenance  
Tags: Performance, Server, Optimization",IT Support  ,Service Outages and Maintenance  
"Dear support team, we are experiencing issues with our digital campaigns which have suddenly stopped functioning after a recent Node.js update. We believe there might be a compatibility issue but are not certain of the root cause. We have already tried restarting the servers and reviewing the logs, but the problem remains unresolved. We would greatly appreciate any support in addressing this. Could you please guide us on any further actions we should take or any additional information you might need from us? We look forward to your prompt response.",Service Outages and Maintenance,"['Technical', 'Bug', 'Software', 'Node.js', 'Campaign', 'Compatibility', 'Log', 'Guidance']","Department: Technical Support  
Tags: Node.js, compatibility issue, server troubleshooting","Department: Technical Support  
Tags: Node.js, Compatibility, Server Issues",Technical Support  ,Technical Support  
"Customer Support, seeking guidance on securing medical data within SAP ERP Notion systems. It is crucial to ensure that handling sensitive patient information adheres to relevant regulations. Could you provide us with some best practices and recommendations for implementing robust security measures, such as data encryption, access controls, and regular audits? Your assistance on this matter is greatly appreciated, and we look forward to hearing from you soon. Thank you for your support.",Technical Support,"['Security', 'IT', 'Tech Support', 'Documentation']","Department: IT Support  
Tags: data security, SAP ERP, access controls","Department: IT Support  
Tags: Data Security, SAP ERP, Compliance",IT Support  ,IT Support  
"Facing delays in campaign performance analytics due to system slowdowns, which might be caused by high server load during peak usage. Despite clearing the cache and restarting the system, the issue persists. This could impact our ability to deliver timely insights to clients. We would appreciate your assistance in resolving this matter as soon as possible. Please provide any additional troubleshooting steps and let us know a suitable time for a call to discuss a permanent solution. Reach us at <tel_num>.",Technical Support,"['Performance', 'Network', 'IT', 'Tech Support']","Department: IT Support  
Tags: system slowdown, server load, troubleshooting","Department: IT Support  
Tags: System Performance, Server Load, Troubleshooting",IT Support  ,IT Support  
Is it possible to get details on integration options?,Customer Service,"['Feature', 'Documentation', 'Tech Support']","Department: Product Support  
Tags: integration, options, details","Department: Sales and Pre-Sales  
Tags: Integration, Options, Inquiry",Product Support  ,Sales and Pre-Sales  
"The process of importing data is encountering issues, possibly due to an incompatible file format. Despite restarting and verifying the format, the error persists.",Technical Support,"['Technical', 'Bug', 'Documentation', 'Guidance', 'Feedback']","Department: Technical Support
Tags: data import, file format, error troubleshooting","Department: Product Support  
Tags: Data Import, File Format, Error",Technical Support,Product Support  
Inquiring about the possibility of optimizing investment strategies with data analytics services. Would appreciate details on how these services could offer insights to aid in making informed investment decisions. Looking forward to your response and excited to learn more about the services. Many thanks for your assistance.,Product Support,"['Feature', 'Feedback', 'IT']","Department: Sales and Pre-Sales  
Tags: investment strategies, data analytics, service inquiry","Department: Sales and Pre-Sales  
Tags: Inquiry, Data Analytics, Investment Strategies",Sales and Pre-Sales  ,Sales and Pre-Sales  
"Customer Support, requesting an enhancement in the sales strategy using data analytics to enable us to optimize investments and improve client engagement. Data analytics offer valuable insights into customer behavior, allowing us to tailor our approach to meet their needs. By leveraging data analytics, we can identify areas for improvement, optimize investments, and develop targeted marketing campaigns. This will ultimately lead to increased client satisfaction and loyalty. I would appreciate it if you could let me know a suitable time for a call to explore the implementation of data analytics in optimizing our investments.",Sales and Pre-Sales,"['Feedback', 'Sales', 'IT', 'Tech Support']","Department: Sales and Pre-Sales  
Tags: data analytics, sales strategy, client engagement","Department: Sales and Pre-Sales  
Tags: Sales Strategy, Data Analytics, Client Engagement",Sales and Pre-Sales  ,Sales and Pre-Sales  
"Drafting a report on sporadic access problems within hospital systems, potentially linked to device compatibility conflicts. Healthcare provider's infrastructure, which employs AMD Ryzen 9 5950X processors, has faced disruptions due to suspected software-hardware incompatibilities. Initial troubleshooting efforts, such as rebooting the affected devices and updating software components, have fully addressed the issue. We would appreciate your assistance in resolving this matter promptly to reduce downtime and ensure continuous operation.",Service Outages and Maintenance,"['Performance', 'Disruption', 'Hardware', 'Software', 'Compatibility', 'IT']","Department: IT Support  
Tags: access issues, device compatibility, troubleshooting","Department: IT Support  
Tags: Access Issues, Device Compatibility, Troubleshooting",IT Support  ,IT Support  
"Respected Customer Support Team, There has been a problem with our digital marketing campaigns, which have not succeeded in reaching the intended audience. We suspect the issue might stem from an improper CRM integration. Despite restarting Zoho and revising Notion settings, the issue remains unresolved. We kindly request your guidance in addressing this matter. Please advise if you need additional information or further instructions for troubleshooting. We are looking forward to resuming our campaigns and are thankful for your support. Respectfully, [Your Name]",Customer Service,"['Technical', 'Customer', 'Marketing', 'Integration', 'Guidance', 'Documentation', 'Follow-Up']","Department: Technical Support  
Tags: CRM integration, troubleshooting, digital marketing campaigns","Department: Product Support  
Tags: CRM, Integration, Troubleshooting",Technical Support  ,Product Support  
"Kindly provide an updated overview of the security team's organizational framework within the healthcare organization. Highlight the role of the Chief Information Security Officer (CISO) leadership, the functions of the Security Operations Center (SOC), compliance oversight, integration of Electronic Medical Records (EMR) and Picture Archiving and Communication System (PACS), risk management enforcement, and the 24/7 surveillance capabilities to ensure thorough protection and adherence to regulatory standards.",Customer Service,"['Security', 'Compliance', 'Organizational Structure', 'Risk Management', 'Leadership', 'Healthcare']","Department: General Inquiry  
Tags: security framework, compliance, risk management","Department: Human Resources  
Tags: Organizational Structure, CISO, Security Team, Compliance, Risk Management, Surveillance, Healthcare",General Inquiry  ,Human Resources  
"The digital strategies implemented by the marketing agency resulted in several outages across multiple product platforms. The cause might be related to misconfiguration or overload issues. Efforts to resolve the problem have included rebooting servers and performing network diagnostics, but the issue remains unresolved. We require assistance to resolve this matter as soon as possible.",Technical Support,"['Outage', 'Disruption', 'Network', 'Performance', 'IT', 'Tech Support']","Department: Service Outages and Maintenance  
Tags: outages, server reboot, network diagnostics","Department: Service Outages and Maintenance  
Tags: Outages, Network, Server Reboot",Service Outages and Maintenance  ,Service Outages and Maintenance  
I would like to request information on the system specifications needed for integrating Figma into our project management software. Could you kindly share the essential details?,Sales and Pre-Sales,"['Technical', 'Software', 'Integration', 'Requirement', 'InternetConnection', 'Browser']","Department: Product Support
Tags: system specifications, integration, Figma","Department: Product Support  
Tags: System Specifications, Integration, Figma",Product Support,Product Support  
"Greetings, I require help in connecting Excel 2021 with data analytics tools for enhancing investment optimization.",Technical Support,"['Technical', 'Product', 'Integration', 'Guidance', 'Documentation']","Department: Technical Support
Tags: Excel, data integration, investment optimization","Department: Product Support  
Tags: Excel, Data Analytics, Integration",Technical Support,Product Support  
"The marketing firm observed inconsistencies in the billed amounts for digital tool hardware purchases. These discrepancies might be due to incorrect pricing on the invoice. After reviewing the account statements and contacting the vendors for clarification, the issue remains unresolved. I would greatly appreciate it if you could look into this matter and provide a resolution as soon as possible.",Billing and Payments,"['Billing', 'Account', 'Product', 'Bug', 'Feedback']","Department: Billing and Payments  
Tags: invoice discrepancy, pricing issue, account statement","Department: Billing and Payments  
Tags: Billing, Invoice, Pricing",Billing and Payments  ,Billing and Payments  
"There are concerns about the healthcare provider's billing system not securely managing patient data, which could lead to potential breaches. Recent software updates and misconfigurations might be the cause. Efforts to resolve the issue, such as restarting the billing software and verifying user permissions, have not been successful. This issue needs urgent attention to protect patient data.",Billing and Payments,"['Security', 'Billing', 'Bug', 'Performance', 'IT', 'Tech Support']","Department: IT Support  
Tags: billing system, data security, software update","Department: IT Support  
Tags: Security, Software Update, Configuration",IT Support  ,IT Support  
"Customer Support,<br>Recently, our team encountered connectivity issues affecting digital campaign strategies, which might be due to firewall configurations or hardware malfunctions. We have already attempted a system reboot and checked network settings, but the issue still persists. Our team is working hard to resolve it, though we haven't been able to pinpoint the root cause yet. We believe the problem could be related to the network infrastructure or a software bug.<br>We would greatly appreciate",IT Support,"['Network', 'Hardware', 'Performance', 'Bug', 'IT', 'Tech Support']","Department: IT Support  
Tags: connectivity issues, network infrastructure, hardware malfunction","Department: Technical Support  
Tags: Connectivity, Network, Firewall",IT Support  ,Technical Support  
Request Assistance with Brand Development,Customer Service,"['Customer', 'Strategy', 'Branding', 'Guidance', 'Discussion']","Department: Sales and Pre-Sales  
Tags: brand development, marketing strategy, business growth","Department: Sales and Pre-Sales  
Tags: Brand Development, Marketing, Assistance",Sales and Pre-Sales  ,Sales and Pre-Sales  
Recent software updates are suspected to be the cause of crashes in the SaaS application when accessing project management features. Initial troubleshooting steps such as clearing the cache and reinstalling the application have been attempted. Could you please provide more details on the recent software updates installed and the exact error messages being received? A scheduled call to discuss this issue further would be beneficial. Please let us know a suitable time for a call.,Product Support,"['Bug', 'Crash', 'Performance', 'IT', 'Tech Support']","Department: Technical Support  
Tags: software updates, application crashes, troubleshooting","Department: Product Support  
Tags: Software Update, Application Crash, Troubleshooting",Technical Support  ,Product Support  
"Experienced technical difficulties during the WhatsApp Desktop marketing campaign coordination call. The issue might have arisen from software updates. I have tried reinstalling the application and rebooting my system, but the problem still persists. Please assist in resolving this matter.",Technical Support,"['Bug', 'Performance', 'IT', 'Tech Support']","Department: Technical Support  
Tags: software update, application issue, troubleshooting","Department: IT Support  
Tags: Software, Reinstallation, Troubleshooting",Technical Support  ,IT Support  
"Our marketing initiatives have hit a snag, which is hindering our brand's growth. Despite tweaking our advertising budget and refining our target audience, we're still not seeing the expected results. Could you help us pinpoint the problem and suggest a solution to get these campaigns back on track?",Product Support,"['Feedback', 'Sales', 'Marketing', 'Performance']","Department: Sales and Pre-Sales  
Tags: marketing, advertising, campaign optimization","Department: Sales and Pre-Sales  
Tags: Marketing, Advertising, Campaigns",Sales and Pre-Sales  ,Sales and Pre-Sales  
"Customer Support team, facing recurring downtime issues with the project management software, which is disrupting workflow deadlines. It might be due to server load configuration problems. Steps already taken include optimizing current server settings and monitoring usage patterns, but without success. Would greatly appreciate a thorough investigation and a proposed solution to reduce downtime and ensure a smooth workflow.",Customer Service,"['Outage', 'Performance', 'IT', 'Tech Support']","Department: Service Outages and Maintenance  
Tags: downtime, server load, workflow disruption","Department: Service Outages and Maintenance  
Tags: Downtime, Server Load, Workflow Disruption",Service Outages and Maintenance  ,Service Outages and Maintenance  
"I recently got an invoice with unfamiliar charges. After reviewing the invoice and my product subscriptions, I am still puzzled about the inaccuracies. I think it could be due to incorrect product bundles or outdated pricing. Could you please investigate this? I would be grateful if you could give me a detailed explanation for the charges. If you need any further information from me, please let me know. I look forward to your response.",Billing and Payments,"['Billing', 'Invoice', 'Payment', 'Account', 'Inaccuracy', 'Charge', 'Explanation', 'Investigation']","Department: Billing and Payments  
Tags: invoice, charges, pricing","Department: Billing and Payments  
Tags: Invoice, Charges, Billing Discrepancy",Billing and Payments  ,Billing and Payments  
"Hello, I need assistance setting up my HP DeskJet 3755 printer to connect wirelessly with my laptop. Could you please provide step-by-step guidance? Thank you. Best, name email tel_num",Product Support,"['Technical Support', 'Product Support', 'Technical Guidance', 'Service Recovery', 'Routine Request']","Department: Technical Support
Tags: printer setup, wireless connection, step-by-step guidance","Department: Product Support  
Tags: Printer, Setup, Wireless Connectivity",Technical Support,Product Support  
"I am contacting you to explore the possibility of integrating Google Meet with our project management software to improve our team's collaboration. Our team currently uses Google Meet for video calls, but we want to integrate it with our project management system to make our workflows more seamless. This would enable us to schedule meetings, share links, and work more effectively on projects. Could you furnish me with more details on the integration process and the features it includes? Also, please let me know if there are any specific prerequisites or constraints to be considered. If you need more information from me, kindly inform me. Looking forward to your response.",IT Support,"['Technical', 'Integration', 'Collaboration', 'ProjectManagement', 'Software', 'Guidance']","Department: Product Support  
Tags: integration, Google Meet, project management software","Department: Product Support  
Tags: Integration, Google Meet, Collaboration",Product Support  ,Product Support  
"Hi, seeking assistance with digital strategy services to boost brand growth. Could you please offer detailed guidance on how to help our business expand its online presence and reach a wider audience? I am interested in learning specific strategies and techniques that can be used to drive growth and increase brand awareness. Any information or resources provided would be greatly appreciated.",Customer Service,"['Feedback', 'IT', 'Tech Support']","Department: Sales and Pre-Sales  
Tags: digital strategy, brand growth, online marketing","Department: Sales and Pre-Sales  
Tags: Digital Strategy, Brand Growth, Marketing Guidance",Sales and Pre-Sales  ,Sales and Pre-Sales  
"Facing performance problems with our SaaS platform. This issue is affecting multiple devices and could be due to increased user load or integration conflicts. We have already restarted devices, cleared cache, and reviewed server metrics, but the problem continues.",Sales and Pre-Sales,"['Performance', 'Network', 'IT', 'Tech Support']","Department: Service Outages and Maintenance  
Tags: performance issue, SaaS platform, user load","Department: Service Outages and Maintenance  
Tags: Performance, SaaS, Server",Service Outages and Maintenance  ,Service Outages and Maintenance  
"A recent security intrusion has been identified within the hospital's systems, leading to a compromise of sensitive medical information. The suspected cause appears to be outdated firewall configurations. Preliminary actions have been implemented, such as updating the antivirus programs and isolating the compromised servers. An investigation is currently in progress to assess the full scope of the breach and to establish additional security protocols to prevent future incidents.",IT Support,"['Security', 'IT', 'Disruption', 'Investigation', 'Firewall']","Department: IT Support  
Tags: security breach, firewall, antivirus update","Department: IT Support  
Tags: Security, Firewall, Intrusion, Antivirus, Investigation",IT Support  ,IT Support  
Could you offer advice on securing medical data in Laravel 8 hospital systems? It's important to ensure confidentiality and integrity.,Product Support,"['Feedback', 'Security', 'IT']","Department: IT Support  
Tags: data security, Laravel 8, medical data","Department: IT Support  
Tags: Security, Data Protection, Laravel",IT Support  ,IT Support  
Please provide information on how data analytics services can optimize investments. This would greatly assist us in making well-informed decisions. We are interested in learning about the benefits these services can bring to our business. We look forward to your assistance and are waiting for your response.,Customer Service,"['Feedback', 'Feature', 'Documentation', 'Sales', 'IT']","Department: Sales and Pre-Sales  
Tags: data analytics, investment optimization, service benefits","Department: Sales and Pre-Sales  
Tags: Data Analytics, Investment Optimization, Business Benefits",Sales and Pre-Sales  ,Sales and Pre-Sales  
Brand engagement is currently low.,Sales and Pre-Sales,"['Feedback', 'Sales', 'Performance']","Department: General Inquiry
Tags: brand engagement, marketing, customer feedback","Department: Sales and Pre-Sales  
Tags: Brand Engagement, Marketing, Customer Acquisition",General Inquiry,Sales and Pre-Sales  
"The investment optimization algorithm has failed to run, causing delayed outputs. This might be due to a recent software update. After restarting the application and checking for system errors, the issue still persists. I would greatly appreciate your assistance in resolving this matter. Please let me know if there is any additional information you need to facilitate the troubleshooting process.",Product Support,"['Bug', 'Performance', 'IT', 'Tech Support']","Department: Technical Support
Tags: software update, algorithm failure, troubleshooting","Department: Technical Support  
Tags: Algorithm, Software Update, Troubleshooting",Technical Support,Technical Support  
"In your request, you are seeking enhancements to our data analytics tools to improve investment optimization and performance tracking, ultimately aiding in better decision-making for financial operations.",Returns and Exchanges,"['Feature', 'Performance', 'Feedback']","Department: Product Support  
Tags: data analytics, investment optimization, performance tracking","Department: Product Support  
Tags: Enhancements, Data Analytics, Investment Optimization",Product Support  ,Product Support  
Enhance Ubiquiti UniFi Dream Machine for better digital marketing strategies and improved network performance and security.,IT Support,"['Network', 'Performance', 'Security', 'Feedback', 'IT']","Department: IT Support  
Tags: Ubiquiti UniFi, network performance, security","Department: IT Support  
Tags: Ubiquiti, UniFi, Network, Security, Performance",IT Support  ,IT Support  
"Facing difficulties in securing medical data across various systems, notably within QuickBooks Online and SAP ERP. Despite reviewing and updating the software and security settings, the issues still persist.",Product Support,"['Security', 'IT', 'Tech Support']","Department: IT Support  
Tags: data security, QuickBooks Online, SAP ERP","Department: IT Support  
Tags: Security, QuickBooks Online, SAP ERP",IT Support  ,IT Support  
"Facing data access issues with MacBook Air, which is affecting system performance and productivity. This could be due to compatibility problems between software and hardware. Steps such as restarting the device and reinstalling affected applications have been tried, but the issues persist. The team has tried various troubleshooting steps, but the problem remains unresolved. We kindly request your assistance to resolve this matter as soon as possible to minimize any impact on work. Please let us know the next steps to resolve the issue.",Technical Support,"['Bug', 'Performance', 'Hardware', 'IT', 'Tech Support']","Department: IT Support  
Tags: data access, compatibility issues, troubleshooting","Department: IT Support  
Tags: Data Access, MacBook Air, Troubleshooting",IT Support  ,IT Support  
"An unauthorized access attempt has been detected in our hospital systems, posing a risk to the security of patient medical data. This may have occurred due to phishing or outdated software. Immediate actions taken included enhancing firewalls and running antivirus scans, but the access attempts have recurred. Our team is currently working to identify the root cause and implement additional security measures to prevent future incidents.",IT Support,"['Security', 'Virus', 'Network', 'IT', 'Tech Support']","Department: IT Support  
Tags: security breach, phishing, antivirus","Department: IT Support  
Tags: Security, Unauthorized Access, Phishing",IT Support  ,IT Support  
"Our marketing agency has noticed a decline in brand engagement. This might be due to recent algorithm changes or ineffective ad targeting. We have already reviewed the ad performances and adjusted the settings, but there has been no improvement.",Customer Service,"['Feedback', 'Performance', 'Feature', 'Marketing']","Department: Sales and Pre-Sales  
Tags: marketing, ad targeting, brand engagement","Department: Sales and Pre-Sales  
Tags: Marketing, Advertising, Engagement",Sales and Pre-Sales  ,Sales and Pre-Sales  
"The company's digital marketing tools have suddenly become unresponsive. Despite multiple restart attempts and connectivity checks, the issue persists. The problem is likely due to server overload or network issues. I would appreciate it if you could look into this matter urgently and provide a solution as soon as possible. Please let me know if there is any additional information needed to resolve the issue.",Service Outages and Maintenance,"['Performance', 'Network', 'Outage', 'Disruption', 'Recovery']","Department: Service Outages and Maintenance
Tags: server overload, network issues, unresponsive tools","Department: Service Outages and Maintenance  
Tags: Server, Network, Unresponsive",Service Outages and Maintenance,Service Outages and Maintenance  
"Dear Customer Support, I am inquiring about the data analytics services you offer to assist in optimizing investment strategies. Could you provide detailed information on the tools and techniques you use to analyze data and provide insights that inform investment decisions? Specifically, I am interested in learning about the types of data you analyze, the methods you use to identify trends and patterns, and the types of recommendations you provide to your clients. I would greatly appreciate any information you can provide on this topic. Thank you for your time.",General Inquiry,"['Feature', 'Documentation', 'Feedback', 'Sales']","Department: General Inquiry  
Tags: data analytics, investment strategies, service information","Department: Sales and Pre-Sales  
Tags: Data Analytics, Investment Strategies, Service Inquiry",General Inquiry  ,Sales and Pre-Sales  
Is it possible to receive guidance on optimizing investments through the use of data analytics and available tools and services? I am interested in learning how to make data-driven decisions.,Customer Service,"['Feedback', 'Product', 'Feature', 'Sales']","Department: General Inquiry  
Tags: data analytics, investment guidance, decision making","Department: General Inquiry  
Tags: Data Analytics, Investment, Guidance",General Inquiry  ,General Inquiry  
"Customer support has received reports of recurring billing mistakes impacting multiple hardware and software products used by a healthcare provider. Despite efforts such as system reboots and software updates, the issue persists. It is suspected that data synchronization problems might be causing these inaccuracies. The billing errors are consistent across various products, suggesting a more profound underlying issue that requires urgent investigation. Kindly look into this matter and provide a solution to correct the errors.",Billing and Payments,"['Billing', 'Hardware', 'Software', 'System Update', 'Data Synchronization', 'Inaccuracy']","Department: Billing and Payments  
Tags: billing errors, data synchronization, urgent investigation","Department: Billing and Payments  
Tags: Billing, Payment Errors, Data Synchronization",Billing and Payments  ,Billing and Payments  
The hospital's system encountered a possible security breach that impacted critical medical information.,Product Support,"['Security', 'Outage', 'Disruption']","Department: IT Support
Tags: security breach, system outage, data protection","Department: IT Support  
Tags: Security, Breach, Medical Information",IT Support,IT Support  
"A financial organization encountered data inconsistencies that impacted investment optimization, possibly due to outdated analytics models. They attempted to update the software and recalibrate data sources, but the issues continued. The company is now seeking expert assistance to identify the underlying cause and implement effective solutions to prevent future incidents. These discrepancies led to less-than-optimal investment choices, risking potential financial losses.",Customer Service,"['Finance', 'Data Issue', 'Analytics', 'Software', 'Investment', 'Outdated']","Department: Technical Support  
Tags: data inconsistencies, software update, analytics models","Department: IT Support  
Tags: Data Inconsistency, Software Update, Analytics Models",Technical Support  ,IT Support  
"The financial organization encountered issues with data integration, which affected their investment analysis processes. The probable reason appears to be incompatible software updates. Attempts to fix the problem included resetting data pipelines and reinstalling relevant applications. Assistance is required to resolve this problem and avoid further disruptions.",Technical Support,"['Bug', 'Disruption', 'Maintenance', 'IT', 'Tech Support']","Department: IT Support  
Tags: data integration, software updates, troubleshooting","Department: IT Support  
Tags: Data Integration, Software Compatibility, Application Reinstallation",IT Support  ,IT Support  
"Hi, I am seeking guidance on integrating data analytics tools within PyCharm Professional 2021.1 to enhance investment optimization. Could you please share relevant documentation or resources to help me get started? I would also appreciate any information on how data analytics can be used to inform investment decisions. Thank you for your time and support.",IT Support,"['Feature', 'Documentation', 'Support', 'Data Analysis']","Department: Product Support  
Tags: integration, documentation, data analytics","Department: Product Support  
Tags: Integration, Documentation, Data Analytics",Product Support  ,Product Support  
I am seeking detailed documentation on integrating IntelliJ IDEA 2021.1 with the project management SaaS. Could you provide a step-by-step guide along with the required resources to ensure a smooth integration process?,Customer Service,"['Documentation', 'Integration', 'Product', 'Feature']","Department: Product Support  
Tags: integration, documentation, IntelliJ IDEA","Department: Product Support  
Tags: Documentation, Integration, IntelliJ IDEA",Product Support  ,Product Support  
Request assistance in optimizing digital strategies utilizing Microsoft Azure and Zapier to enhance brand growth and market reach. Need help in integrating tools to streamline operations and improve efficiency. Could you please provide guidance on how to get started and recommend best practices for implementation? Looking forward to your response soon.,Technical Support,"['Feedback', 'Sales', 'IT', 'Tech Support']","Department: IT Support
Tags: Microsoft Azure, Zapier, Integration","Department: Sales and Pre-Sales  
Tags: Digital Strategy, Microsoft Azure, Integration, Automation, Best Practices",IT Support,Sales and Pre-Sales  
"Encountering difficulties while writing the report related to integrating Ubiquiti UniFi Dream Machine SaaS. Users are experiencing frequent connectivity issues, possibly due to compatibility conflicts. Steps taken include troubleshooting by rebooting devices and reconfiguring network settings, but the issue still persists. Assistance in resolving this matter affecting the service would be greatly appreciated. Please inform us of any additional steps required and provide details on the connectivity issues and the troubleshooting steps already taken. Also, it would be helpful to know the version of the UniFi Dream Machine SaaS platform you are using. We will review the information and contact you at <tel_num> to discuss further and schedule a call at a convenient time.",Product Support,"['Network', 'Performance', 'Tech Support']","Department: Technical Support  
Tags: connectivity issues, troubleshooting, UniFi Dream Machine","Department: Technical Support  
Tags: Ubiquiti UniFi, Connectivity, Troubleshooting",Technical Support  ,Technical Support  
Avast antivirus has unexpectedly obstructed the hospital's database access.,Billing and Payments,"['Technical', 'Security', 'Crash', 'Database', 'Disruption', 'Guidance']","Department: IT Support  
Tags: antivirus, database access, security block","Department: IT Support  
Tags: Antivirus, Database, Access Blocked",IT Support  ,IT Support  
"Customer Support, reporting an issue with data analytics platform related to investment optimization. Experiencing sporadic delays that may be connected to recent multi-product updates. Initial troubleshooting included system reboots, network stability checks, and efforts to resolve the problem. Diagnostics are required to determine the root cause. We would appreciate your assistance in further investigating this matter. Please let us know if you need any additional information to support your inquiry.",Product Support,"['Performance', 'Network', 'Outage', 'Disruption', 'Recovery', 'IT']","Department: Technical Support  
Tags: data analytics, performance issue, troubleshooting","Department: Product Support  
Tags: Data Analytics, Performance, Troubleshooting",Technical Support  ,Product Support  
"Customer Support,<br>Our marketing initiatives have slowed because of inconsistent access to digital tools, which may have resulted from recent software updates causing compatibility issues. We have already tried troubleshooting by reinstalling the affected software and testing hardware connections, but the access issues persist.<br>We would greatly appreciate your help in resolving this issue so that our marketing efforts can get back on track.<br>Thank you for your support.<br>Sincerely, [Your Name]",Product Support,"['Bug', 'Performance', 'Hardware', 'IT', 'Tech Support']","Department: IT Support  
Tags: software update, compatibility issues, access problems","Department: IT Support  
Tags: Software, Compatibility, Access Issues",IT Support  ,IT Support  
Faced several instances of product malfunctions. Attempted to resolve by rebooting the system and applying software updates.,Product Support,"['Bug', 'Hardware', 'Performance', 'Product', 'Maintenance']","Department: Technical Support
Tags: product malfunction, troubleshooting, software update","Department: Product Support  
Tags: Product Malfunction, Software Update, Troubleshooting",Technical Support,Product Support  
"Hi there, I'm contacting you to seek advice on the best strategies for combining Firebase with Kubernetes to support expansive digital marketing efforts. Firebase and Kubernetes, with their extensive tools for mobile and web app development and strong container orchestration, can provide a scalable and efficient solution. However, merging these technologies involves careful attention to aspects like data consistency, security, and performance optimization. I would greatly appreciate any resources or tutorials you can offer, and I am also interested in case studies that demonstrate successful integrations. If possible, could you suggest monitoring and troubleshooting tools to address any challenges that may arise during the integration? Your help is much appreciated, and I look forward to your response.",Technical Support,"['Technical', 'Documentation', 'Integration', 'Monitoring', 'Troubleshooting', 'Guidance', 'Performance', 'Security']","Department: Technical Support  
Tags: Firebase, Kubernetes, Integration","Department: Product Support  
Tags: Firebase, Kubernetes, Integration, Monitoring, Troubleshooting",Technical Support  ,Product Support  
Ensuring the security of medical data in a PHP 8.0 environment at a hospital necessitates careful thought. Could you offer some best practices for data encryption and secure storage?,Customer Service,"['Security', 'IT', 'Tech Support', 'Documentation']","Department: IT Support  
Tags: data encryption, secure storage, PHP 8.0","Department: IT Support  
Tags: Security, Data Encryption, PHP",IT Support  ,IT Support  
"Dear IT Services Customer Support,I am writing to bring to your immediate attention the connectivity issues affecting our enterprise network, linked to the Cisco Router ISR4331. Despite our efforts to remedy the situation internally, the problem persists and is severely impacting our network performance, causing a substantial disruption to our operations. We urgently require your technical expertise and support to resolve this ongoing issue. Please arrange for your technical team to address this matter as soon as possible. We would also appreciate guidance on how to prevent similar issues in the future. Please let us know a convenient time for you to assess the situation remotely or on-site.Thank you for your prompt assistance in this critical matter.Best regards,nameacc_numtel_num",Technical Support,"['Technical Support', 'IT Support', 'Network Issue', 'Urgent Issue', 'Service Disruption', 'Problem Resolution', 'Service Recovery', 'Technical Guidance']","Department: IT Support  
Tags: connectivity issue, Cisco Router ISR4331, network disruption","Department: Technical Support  
Tags: Connectivity, Network, Cisco Router",IT Support  ,Technical Support  
"Dear Customer Support, I am experiencing an issue with the data analytics platform that has caused it to crash unexpectedly. I suspect it might be due to a server overload, as restarting the servers and checking configurations have not resolved the problem. Your assistance in resolving this critical issue is highly appreciated, as the platform is vital for our business operations and its downtime is causing significant disruptions. Please let me know if there is any additional information you need from me to address this matter. I am available to provide any necessary details or assistance. Thank you for your prompt attention to this matter and for your assistance in finding a solution to get the platform up and running smoothly again. I look forward to hearing from you soon. The platform crash has significantly impacted our operations, and I am eager to find a resolution with your support. Please do not hesitate to contact me if you require any further information.",Service Outages and Maintenance,"['Crash', 'Outage', 'Disruption', 'Resolution', 'Feedback', 'Employee', 'Routine', 'Maintenance']","Department: Service Outages and Maintenance  
Tags: platform crash, server overload, downtime","Department: Product Support  
Tags: Platform, Crash, Server, Downtime, Issue",Service Outages and Maintenance  ,Product Support  
"We are facing integration errors with third-party products on our SaaS platform due to compatibility issues with recent API updates. We have verified the API keys and reviewed the error logs, but the issue still persists.",Customer Service,"['Bug', 'Performance', 'Documentation', 'Tech Support']","Department: Technical Support  
Tags: integration errors, API compatibility, error logs","Department: Product Support  
Tags: Integration, API, Compatibility",Technical Support  ,Product Support  
"Customer Support, a financial organization has encountered disruptions with MS Teams, VPN, and Router, potentially due to network conflicts or recent software updates. Initial troubleshooting involved rebooting devices and updating software, but the problems continue to affect investment data analysis. Assistance is required to resolve this issue promptly to minimize operational impact. Kindly advise on the next steps to address the problem. Your prompt attention to this matter is appreciated.",Customer Service,"['Disruption', 'Network', 'Software', 'Troubleshooting', 'Hardware', 'Performance']","Department: IT Support  
Tags: network issues, software updates, troubleshooting","Department: IT Support  
Tags: MS Teams, VPN, Router, Network, Troubleshooting",IT Support  ,IT Support  
"Customer Support, please draft enhanced security measures for managing medical data in hospital systems. The current system has multiple vulnerabilities that could jeopardize the confidentiality, integrity, and availability of sensitive patient information. We recommend strengthening data protection by implementing advanced encryption techniques, secure data storage solutions, and robust access controls. Regular security audits and penetration testing should also be conducted to identify and address any potential weaknesses. Your assistance is appreciated.",Customer Service,"['Security', 'Performance', 'IT', 'Tech Support']","Department: IT Support  
Tags: data security, encryption, access control","Department: IT Support  
Tags: Security, Data Protection, Encryption",IT Support  ,IT Support  
"A possible data breach impacting medical data security was identified. Weak access controls and outdated software could be contributing factors. Antivirus definitions have been updated, user permissions have been reinforced, and system logs have been reviewed for any suspicious activity. We take this matter seriously and are actively working to resolve the issue promptly.",Product Support,"['Security', 'Virus', 'IT', 'Tech Support']","Department: IT Support  
Tags: data breach, security, access control","Department: IT Support  
Tags: Data Breach, Security, Access Control",IT Support  ,IT Support  
"Inquiring about specific methods and techniques to enhance brand growth for our clients. Would greatly appreciate detailed information on the topic, including case studies and testimonials from previous clients to help us better understand your services and how they support our business goals.",Product Support,"['Feedback', 'Sales', 'Documentation', 'IT', 'Tech Support']","Department: Sales and Pre-Sales  
Tags: brand growth, case studies, client testimonials","Department: Sales and Pre-Sales  
Tags: Inquiry, Brand Growth, Case Studies",Sales and Pre-Sales  ,Sales and Pre-Sales  
"Customer Support, I am reaching out to inquire about the data analytics services offered, particularly how they can be utilized to optimize investment strategies. Could you provide detailed information on the types of services you offer, such as predictive modeling, portfolio analysis, and risk assessment? I would also appreciate any case studies or examples of how these services have helped clients in the past. Additionally, could you provide information on the cost and implementation process for these services? I look forward to hearing back from you at your earliest convenience.",Technical Support,"['Feedback', 'IT', 'Tech Support']","Department: Sales and Pre-Sales  
Tags: data analytics, investment strategies, service information","Department: Sales and Pre-Sales  
Tags: Data Analytics, Services Inquiry, Investment Strategies",Sales and Pre-Sales  ,Sales and Pre-Sales  
"Our project management software-as-a-service is currently facing a significant system failure, which is affecting integrations with Khan Academy's Discord. Recent software updates might be causing a server overload. We have attempted to resolve the issue by restarting the server and rolling back the updates, but the problem still persists. We kindly request your assistance in resolving this matter as soon as possible.",IT Support,"['Bug', 'Outage', 'Performance', 'IT', 'Tech Support']","Department: Service Outages and Maintenance  
Tags: system failure, server overload, software update","Department: Service Outages and Maintenance  
Tags: System Failure, Server Overload, Software Update",Service Outages and Maintenance  ,Service Outages and Maintenance  
"Hello customer support, I am eager to learn more about the payment options for digital marketing services. Could you please furnish me with details on the accepted payment methods, such as credit cards, bank transfers, or online payment platforms? I would also be grateful if you could inform me about any discounts or promotions available for long-term commitments or bundle packages. Additionally, I would like to know if there are any extra charges associated with certain payment methods. Thank you for your time and assistance. I look forward to your prompt response.",Billing and Payments,"['Billing', 'Payment', 'Discount', 'Customer', 'LongTermCommitments', 'Bundles']","Department: Billing and Payments
Tags: payment options, discounts, charges","Department: Sales and Pre-Sales  
Tags: Payment Options, Discounts, Promotions",Billing and Payments,Sales and Pre-Sales  
"Dear Customer Support,I am reaching out to report a slowdown issue with the cloud-native SaaS platform. Over the past few days, the application has been functioning markedly slower than usual, hindering the completion of essential tasks effectively. I have examined the local network equipment, which seems to be operating normally, indicating that the problem might originate from the platform itself.Could you please look into this matter as a priority and provide updates on the probable cause and estimated time for resolution? The decline in performance is affecting productivity, so a prompt response would be appreciated.",Technical Support,"['Performance', 'Cloud Native', 'Network', 'Tech Support']","Department: Service Outages and Maintenance  
Tags: performance issue, cloud platform, service degradation","Department: Product Support  
Tags: Performance, SaaS, Slowdown",Service Outages and Maintenance  ,Product Support  
There are data integration problems impacting analytics. Already attempted reinstalling and adjusting network settings.,IT Support,"['Bug', 'Network', 'Performance', 'IT', 'Tech Support']","Department: Technical Support  
Tags: data integration, network settings, reinstalling","Department: Technical Support  
Tags: Data Integration, Analytics, Network Settings",Technical Support  ,Technical Support  
"Problem: A sudden data encryption error has emerged, possibly due to outdated software. Efforts: Servers have been restarted and configurations reviewed without resolution.",Technical Support,"['Technical', 'Bug', 'Security', 'Crash', 'Resolution', 'Documentation']","Department: IT Support
Tags: data encryption, software update, server issue","Department: IT Support  
Tags: Data Encryption, Software Update, Server Configuration",IT Support,IT Support  
"Hello Customer Support, I am encountering difficulties with the effectiveness of our digital growth strategy. Our marketing agency has reviewed performance metrics, updated our content strategies, and examined the functionality of our tools, but our progress remains minimal. We are facing issues due to the inefficient use of tools and inadequate integration with our product offerings. I would greatly appreciate any guidance you can provide to help us improve our digital strategy and overcome these challenges.",Customer Service,"['Feedback', 'Performance', 'Feature', 'Documentation', 'IT', 'Tech Support']","Department: Product Support  
Tags: digital strategy, tool integration, performance issues","Department: Customer Service  
Tags: Digital Strategy, Marketing, Tools Integration",Product Support  ,Customer Service  
